cod_dpto,cod_mpio,nombre_mpio,grupo_edad,sexo,total,cod_pueblo,nombre_pueblo,fuente,periodo
99,99773,Cumaribo,00-04,Hombre,7,,,DANE-REDATAM-CNPVBASE4V2-Web,2018
99,99773,Cumaribo,00-04,Mujer,12,,,DANE-REDATAM-CNPVBASE4V2-Web,2018
99,99773,Cumaribo,05-09,Hombre,8,,,DANE-REDATAM-CNPVBASE4V2-Web,2018
99,99773,Cumaribo,05-09,Mujer,9,,,DANE-REDATAM-CNPVBASE4V2-Web,2018
99,99773,Cumaribo,10-14,Hombre,10,,,DANE-REDATAM-CNPVBASE4V2-Web,2018
99,99773,Cumaribo,10-14,Mujer,4,,,DANE-REDATAM-CNPVBASE4V2-Web,2018
99,99773,Cumaribo,15-19,Hombre,7,,,DANE-REDATAM-CNPVBASE4V2-Web,2018
99,99773,Cumaribo,15-19,Mujer,13,,,DANE-REDATAM-CNPVBASE4V2-Web,2018
99,99773,Cumaribo,20-24,Hombre,10,,,DANE-REDATAM-CNPVBASE4V2-Web,2018
99,99773,Cumaribo,20-24,Mujer,7,,,DANE-REDATAM-CNPVBASE4V2-Web,2018
99,99773,Cumaribo,25-29,Hombre,10,,,DANE-REDATAM-CNPVBASE4V2-Web,2018
99,99773,Cumaribo,25-29,Mujer,4,,,DANE-REDATAM-CNPVBASE4V2-Web,2018
99,99773,Cumaribo,30-34,Hombre,9,,,DANE-REDATAM-CNPVBASE4V2-Web,2018
99,99773,Cumaribo,30-34,Mujer,7,,,DANE-REDATAM-CNPVBASE4V2-Web,2018
99,99773,Cumaribo,35-39,Hombre,9,,,DANE-REDATAM-CNPVBASE4V2-Web,2018
99,99773,Cumaribo,35-39,Mujer,10,,,DANE-REDATAM-CNPVBASE4V2-Web,2018
99,99773,Cumaribo,40-44,Hombre,17,,,DANE-REDATAM-CNPVBASE4V2-Web,2018
99,99773,Cumaribo,40-44,Mujer,7,,,DANE-REDATAM-CNPVBASE4V2-Web,2018
99,99773,Cumaribo,45-49,Hombre,16,,,DANE-REDATAM-CNPVBASE4V2-Web,2018
99,99773,Cumaribo,45-49,Mujer,15,,,DANE-REDATAM-CNPVBASE4V2-Web,2018
99,99773,Cumaribo,50-54,Hombre,16,,,DANE-REDATAM-CNPVBASE4V2-Web,2018
99,99773,Cumaribo,50-54,Mujer,13,,,DANE-REDATAM-CNPVBASE4V2-Web,2018
99,99773,Cumaribo,55-59,Hombre,22,,,DANE-REDATAM-CNPVBASE4V2-Web,2018
99,99773,Cumaribo,55-59,Mujer,16,,,DANE-REDATAM-CNPVBASE4V2-Web,2018
99,99773,Cumaribo,60-64,Hombre,19,,,DANE-REDATAM-CNPVBASE4V2-Web,2018
99,99773,Cumaribo,60-64,Mujer,11,,,DANE-REDATAM-CNPVBASE4V2-Web,2018
99,99773,Cumaribo,65-69,Hombre,16,,,DANE-REDATAM-CNPVBASE4V2-Web,2018
99,99773,Cumaribo,65-69,Mujer,10,,,DANE-REDATAM-CNPVBASE4V2-Web,2018
99,99773,Cumaribo,70-74,Hombre,13,,,DANE-REDATAM-CNPVBASE4V2-Web,2018
99,99773,Cumaribo,70-74,Mujer,5,,,DANE-REDATAM-CNPVBASE4V2-Web,2018
99,99773,Cumaribo,75-79,Hombre,9,,,DANE-REDATAM-CNPVBASE4V2-Web,2018
99,99773,Cumaribo,75-79,Mujer,2,,,DANE-REDATAM-CNPVBASE4V2-Web,2018
99,99773,Cumaribo,80-84,Hombre,7,,,DANE-REDATAM-CNPVBASE4V2-Web,2018
99,99773,Cumaribo,80-84,Mujer,6,,,DANE-REDATAM-CNPVBASE4V2-Web,2018
99,99773,Cumaribo,85-89,Hombre,3,,,DANE-REDATAM-CNPVBASE4V2-Web,2018
99,99773,Cumaribo,85-89,Mujer,2,,,DANE-REDATAM-CNPVBASE4V2-Web,2018
99,99773,Cumaribo,90-94,Hombre,1,,,DANE-REDATAM-CNPVBASE4V2-Web,2018
99,99773,Cumaribo,90-94,Mujer,1,,,DANE-REDATAM-CNPVBASE4V2-Web,2018
99,99773,Cumaribo,00-04,Hombre,1,,,DANE-REDATAM-CNPVBASE4V2-Web,2018
99,99773,Cumaribo,00-04,Mujer,1,,,DANE-REDATAM-CNPVBASE4V2-Web,2018
99,99773,Cumaribo,10-14,Hombre,1,,,DANE-REDATAM-CNPVBASE4V2-Web,2018
99,99773,Cumaribo,10-14,Mujer,1,,,DANE-REDATAM-CNPVBASE4V2-Web,2018
99,99773,Cumaribo,15-19,Hombre,1,,,DANE-REDATAM-CNPVBASE4V2-Web,2018
99,99773,Cumaribo,15-19,Mujer,1,,,DANE-REDATAM-CNPVBASE4V2-Web,2018
99,99773,Cumaribo,60-64,Hombre,1,,,DANE-REDATAM-CNPVBASE4V2-Web,2018
99,99773,Cumaribo,60-64,Mujer,1,,,DANE-REDATAM-CNPVBASE4V2-Web,2018
99,99773,Cumaribo,70-74,Hombre,12,,,DANE-REDATAM-CNPVBASE4V2-Web,2018
99,99773,Cumaribo,70-74,Mujer,4,,,DANE-REDATAM-CNPVBASE4V2-Web,2018
99,99773,Cumaribo,40-44,Hombre,1,,,DANE-REDATAM-CNPVBASE4V2-Web,2018
99,99773,Cumaribo,40-44,Mujer,1,,,DANE-REDATAM-CNPVBASE4V2-Web,2018
99,99773,Cumaribo,70-74,Hombre,1,,,DANE-REDATAM-CNPVBASE4V2-Web,2018
99,99773,Cumaribo,70-74,Mujer,1,,,DANE-REDATAM-CNPVBASE4V2-Web,2018
99,99773,Cumaribo,75-79,Hombre,7,,,DANE-REDATAM-CNPVBASE4V2-Web,2018
99,99773,Cumaribo,75-79,Mujer,2,,,DANE-REDATAM-CNPVBASE4V2-Web,2018
99,99773,Cumaribo,05-09,Hombre,1,,,DANE-REDATAM-CNPVBASE4V2-Web,2018
99,99773,Cumaribo,05-09,Mujer,1,,,DANE-REDATAM-CNPVBASE4V2-Web,2018
99,99773,Cumaribo,10-14,Hombre,3,,,DANE-REDATAM-CNPVBASE4V2-Web,2018
99,99773,Cumaribo,10-14,Mujer,3,,,DANE-REDATAM-CNPVBASE4V2-Web,2018
99,99773,Cumaribo,15-19,Hombre,1,,,DANE-REDATAM-CNPVBASE4V2-Web,2018
99,99773,Cumaribo,15-19,Mujer,1,,,DANE-REDATAM-CNPVBASE4V2-Web,2018
99,99773,Cumaribo,55-59,Hombre,1,,,DANE-REDATAM-CNPVBASE4V2-Web,2018
99,99773,Cumaribo,55-59,Mujer,1,,,DANE-REDATAM-CNPVBASE4V2-Web,2018
99,99773,Cumaribo,70-74,Hombre,1,,,DANE-REDATAM-CNPVBASE4V2-Web,2018
99,99773,Cumaribo,70-74,Mujer,1,,,DANE-REDATAM-CNPVBASE4V2-Web,2018
99,99773,Cumaribo,00-04,Hombre,2,,,DANE-REDATAM-CNPVBASE4V2-Web,2018
99,99773,Cumaribo,00-04,Mujer,2,,,DANE-REDATAM-CNPVBASE4V2-Web,2018
99,99773,Cumaribo,05-09,Hombre,3,,,DANE-REDATAM-CNPVBASE4V2-Web,2018
99,99773,Cumaribo,05-09,Mujer,2,,,DANE-REDATAM-CNPVBASE4V2-Web,2018
99,99773,Cumaribo,10-14,Hombre,2,,,DANE-REDATAM-CNPVBASE4V2-Web,2018
99,99773,Cumaribo,10-14,Mujer,3,,,DANE-REDATAM-CNPVBASE4V2-Web,2018
99,99773,Cumaribo,45-49,Hombre,2,,,DANE-REDATAM-CNPVBASE4V2-Web,2018
99,99773,Cumaribo,45-49,Mujer,1,,,DANE-REDATAM-CNPVBASE4V2-Web,2018
99,99773,Cumaribo,60-64,Hombre,1,,,DANE-REDATAM-CNPVBASE4V2-Web,2018
99,99773,Cumaribo,60-64,Mujer,1,,,DANE-REDATAM-CNPVBASE4V2-Web,2018
99,99773,Cumaribo,65-69,Hombre,2,,,DANE-REDATAM-CNPVBASE4V2-Web,2018
99,99773,Cumaribo,65-69,Mujer,2,,,DANE-REDATAM-CNPVBASE4V2-Web,2018
99,99773,Cumaribo,80-84,Hombre,1,,,DANE-REDATAM-CNPVBASE4V2-Web,2018
99,99773,Cumaribo,80-84,Mujer,1,,,DANE-REDATAM-CNPVBASE4V2-Web,2018
99,99773,Cumaribo,45-49,Hombre,1,,,DANE-REDATAM-CNPVBASE4V2-Web,2018
99,99773,Cumaribo,45-49,Mujer,1,,,DANE-REDATAM-CNPVBASE4V2-Web,2018
99,99773,Cumaribo,20-24,Hombre,1,,,DANE-REDATAM-CNPVBASE4V2-Web,2018
99,99773,Cumaribo,20-24,Mujer,1,,,DANE-REDATAM-CNPVBASE4V2-Web,2018
99,99773,Cumaribo,30-34,Hombre,2,,,DANE-REDATAM-CNPVBASE4V2-Web,2018
99,99773,Cumaribo,30-34,Mujer,2,,,DANE-REDATAM-CNPVBASE4V2-Web,2018
99,99773,Cumaribo,50-54,Hombre,1,,,DANE-REDATAM-CNPVBASE4V2-Web,2018
99,99773,Cumaribo,50-54,Mujer,1,,,DANE-REDATAM-CNPVBASE4V2-Web,2018
99,99773,Cumaribo,70-74,Hombre,1,,,DANE-REDATAM-CNPVBASE4V2-Web,2018
99,99773,Cumaribo,70-74,Mujer,1,,,DANE-REDATAM-CNPVBASE4V2-Web,2018
99,99773,Cumaribo,85-89,Hombre,1,,,DANE-REDATAM-CNPVBASE4V2-Web,2018
99,99773,Cumaribo,85-89,Mujer,1,,,DANE-REDATAM-CNPVBASE4V2-Web,2018
99,99773,Cumaribo,10-14,Hombre,1,,,DANE-REDATAM-CNPVBASE4V2-Web,2018
99,99773,Cumaribo,10-14,Mujer,1,,,DANE-REDATAM-CNPVBASE4V2-Web,2018
99,99773,Cumaribo,15-19,Hombre,1,,,DANE-REDATAM-CNPVBASE4V2-Web,2018
99,99773,Cumaribo,15-19,Mujer,1,,,DANE-REDATAM-CNPVBASE4V2-Web,2018
99,99773,Cumaribo,20-24,Hombre,1,,,DANE-REDATAM-CNPVBASE4V2-Web,2018
99,99773,Cumaribo,20-24,Mujer,1,,,DANE-REDATAM-CNPVBASE4V2-Web,2018
99,99773,Cumaribo,65-69,Hombre,1,,,DANE-REDATAM-CNPVBASE4V2-Web,2018
99,99773,Cumaribo,65-69,Mujer,1,,,DANE-REDATAM-CNPVBASE4V2-Web,2018
99,99773,Cumaribo,10-14,Hombre,1,,,DANE-REDATAM-CNPVBASE4V2-Web,2018
99,99773,Cumaribo,10-14,Mujer,1,,,DANE-REDATAM-CNPVBASE4V2-Web,2018
99,99773,Cumaribo,35-39,Hombre,1,,,DANE-REDATAM-CNPVBASE4V2-Web,2018
99,99773,Cumaribo,35-39,Mujer,1,,,DANE-REDATAM-CNPVBASE4V2-Web,2018
99,99773,Cumaribo,45-49,Hombre,1,,,DANE-REDATAM-CNPVBASE4V2-Web,2018
99,99773,Cumaribo,45-49,Mujer,1,,,DANE-REDATAM-CNPVBASE4V2-Web,2018
99,99773,Cumaribo,50-54,Hombre,1,,,DANE-REDATAM-CNPVBASE4V2-Web,2018
99,99773,Cumaribo,50-54,Mujer,1,,,DANE-REDATAM-CNPVBASE4V2-Web,2018
99,99773,Cumaribo,65-69,Hombre,1,,,DANE-REDATAM-CNPVBASE4V2-Web,2018
99,99773,Cumaribo,65-69,Mujer,1,,,DANE-REDATAM-CNPVBASE4V2-Web,2018
99,99773,Cumaribo,70-74,Hombre,9,,,DANE-REDATAM-CNPVBASE4V2-Web,2018
99,99773,Cumaribo,70-74,Mujer,5,,,DANE-REDATAM-CNPVBASE4V2-Web,2018
99,99773,Cumaribo,50-54,Hombre,1,,,DANE-REDATAM-CNPVBASE4V2-Web,2018
99,99773,Cumaribo,50-54,Mujer,1,,,DANE-REDATAM-CNPVBASE4V2-Web,2018
99,99001,Puerto Carreño,00-04,Hombre,23,,,DANE-BD_UNIFICADA-CNPV2018-prop_edad_sexo,2018
99,99001,Puerto Carreño,00-04,Mujer,22,,,DANE-BD_UNIFICADA-CNPV2018-prop_edad_sexo,2018
99,99001,Puerto Carreño,05-09,Hombre,20,,,DANE-BD_UNIFICADA-CNPV2018-prop_edad_sexo,2018
99,99001,Puerto Carreño,05-09,Mujer,20,,,DANE-BD_UNIFICADA-CNPV2018-prop_edad_sexo,2018
99,99001,Puerto Carreño,10-14,Hombre,20,,,DANE-BD_UNIFICADA-CNPV2018-prop_edad_sexo,2018
99,99001,Puerto Carreño,10-14,Mujer,20,,,DANE-BD_UNIFICADA-CNPV2018-prop_edad_sexo,2018
99,99001,Puerto Carreño,15-19,Hombre,19,,,DANE-BD_UNIFICADA-CNPV2018-prop_edad_sexo,2018
99,99001,Puerto Carreño,15-19,Mujer,18,,,DANE-BD_UNIFICADA-CNPV2018-prop_edad_sexo,2018
99,99001,Puerto Carreño,20-24,Hombre,15,,,DANE-BD_UNIFICADA-CNPV2018-prop_edad_sexo,2018
99,99001,Puerto Carreño,20-24,Mujer,15,,,DANE-BD_UNIFICADA-CNPV2018-prop_edad_sexo,2018
99,99001,Puerto Carreño,25-29,Hombre,11,,,DANE-BD_UNIFICADA-CNPV2018-prop_edad_sexo,2018
99,99001,Puerto Carreño,25-29,Mujer,11,,,DANE-BD_UNIFICADA-CNPV2018-prop_edad_sexo,2018
99,99001,Puerto Carreño,30-34,Hombre,11,,,DANE-BD_UNIFICADA-CNPV2018-prop_edad_sexo,2018
99,99001,Puerto Carreño,30-34,Mujer,10,,,DANE-BD_UNIFICADA-CNPV2018-prop_edad_sexo,2018
99,99001,Puerto Carreño,35-39,Hombre,9,,,DANE-BD_UNIFICADA-CNPV2018-prop_edad_sexo,2018
99,99001,Puerto Carreño,35-39,Mujer,9,,,DANE-BD_UNIFICADA-CNPV2018-prop_edad_sexo,2018
99,99001,Puerto Carreño,40-44,Hombre,8,,,DANE-BD_UNIFICADA-CNPV2018-prop_edad_sexo,2018
99,99001,Puerto Carreño,40-44,Mujer,7,,,DANE-BD_UNIFICADA-CNPV2018-prop_edad_sexo,2018
99,99001,Puerto Carreño,45-49,Hombre,6,,,DANE-BD_UNIFICADA-CNPV2018-prop_edad_sexo,2018
99,99001,Puerto Carreño,45-49,Mujer,5,,,DANE-BD_UNIFICADA-CNPV2018-prop_edad_sexo,2018
99,99001,Puerto Carreño,50-54,Hombre,5,,,DANE-BD_UNIFICADA-CNPV2018-prop_edad_sexo,2018
99,99001,Puerto Carreño,50-54,Mujer,5,,,DANE-BD_UNIFICADA-CNPV2018-prop_edad_sexo,2018
99,99001,Puerto Carreño,55-59,Hombre,3,,,DANE-BD_UNIFICADA-CNPV2018-prop_edad_sexo,2018
99,99001,Puerto Carreño,55-59,Mujer,3,,,DANE-BD_UNIFICADA-CNPV2018-prop_edad_sexo,2018
99,99001,Puerto Carreño,60-64,Hombre,3,,,DANE-BD_UNIFICADA-CNPV2018-prop_edad_sexo,2018
99,99001,Puerto Carreño,60-64,Mujer,3,,,DANE-BD_UNIFICADA-CNPV2018-prop_edad_sexo,2018
99,99001,Puerto Carreño,65-69,Hombre,2,,,DANE-BD_UNIFICADA-CNPV2018-prop_edad_sexo,2018
99,99001,Puerto Carreño,65-69,Mujer,2,,,DANE-BD_UNIFICADA-CNPV2018-prop_edad_sexo,2018
99,99001,Puerto Carreño,70-74,Hombre,1,,,DANE-BD_UNIFICADA-CNPV2018-prop_edad_sexo,2018
99,99001,Puerto Carreño,70-74,Mujer,1,,,DANE-BD_UNIFICADA-CNPV2018-prop_edad_sexo,2018
99,99001,Puerto Carreño,75-79,Hombre,1,,,DANE-BD_UNIFICADA-CNPV2018-prop_edad_sexo,2018
99,99001,Puerto Carreño,75-79,Mujer,1,,,DANE-BD_UNIFICADA-CNPV2018-prop_edad_sexo,2018
99,99001,Puerto Carreño,80-84,Hombre,0,,,DANE-BD_UNIFICADA-CNPV2018-prop_edad_sexo,2018
99,99001,Puerto Carreño,80-84,Mujer,0,,,DANE-BD_UNIFICADA-CNPV2018-prop_edad_sexo,2018
99,99001,Puerto Carreño,85-89,Hombre,0,,,DANE-BD_UNIFICADA-CNPV2018-prop_edad_sexo,2018
99,99001,Puerto Carreño,85-89,Mujer,0,,,DANE-BD_UNIFICADA-CNPV2018-prop_edad_sexo,2018
99,99001,Puerto Carreño,90-94,Hombre,0,,,DANE-BD_UNIFICADA-CNPV2018-prop_edad_sexo,2018
99,99001,Puerto Carreño,90-94,Mujer,0,,,DANE-BD_UNIFICADA-CNPV2018-prop_edad_sexo,2018
99,99001,Puerto Carreño,95-99,Hombre,0,,,DANE-BD_UNIFICADA-CNPV2018-prop_edad_sexo,2018
99,99001,Puerto Carreño,95-99,Mujer,0,,,DANE-BD_UNIFICADA-CNPV2018-prop_edad_sexo,2018
99,99524,La Primavera,00-04,Hombre,8,,,DANE-BD_UNIFICADA-CNPV2018-prop_edad_sexo,2018
99,99524,La Primavera,00-04,Mujer,8,,,DANE-BD_UNIFICADA-CNPV2018-prop_edad_sexo,2018
99,99524,La Primavera,05-09,Hombre,7,,,DANE-BD_UNIFICADA-CNPV2018-prop_edad_sexo,2018
99,99524,La Primavera,05-09,Mujer,7,,,DANE-BD_UNIFICADA-CNPV2018-prop_edad_sexo,2018
99,99524,La Primavera,10-14,Hombre,6,,,DANE-BD_UNIFICADA-CNPV2018-prop_edad_sexo,2018
99,99524,La Primavera,10-14,Mujer,6,,,DANE-BD_UNIFICADA-CNPV2018-prop_edad_sexo,2018
99,99524,La Primavera,15-19,Hombre,6,,,DANE-BD_UNIFICADA-CNPV2018-prop_edad_sexo,2018
99,99524,La Primavera,15-19,Mujer,6,,,DANE-BD_UNIFICADA-CNPV2018-prop_edad_sexo,2018
99,99524,La Primavera,20-24,Hombre,4,,,DANE-BD_UNIFICADA-CNPV2018-prop_edad_sexo,2018
99,99524,La Primavera,20-24,Mujer,4,,,DANE-BD_UNIFICADA-CNPV2018-prop_edad_sexo,2018
99,99524,La Primavera,25-29,Hombre,4,,,DANE-BD_UNIFICADA-CNPV2018-prop_edad_sexo,2018
99,99524,La Primavera,25-29,Mujer,4,,,DANE-BD_UNIFICADA-CNPV2018-prop_edad_sexo,2018
99,99524,La Primavera,30-34,Hombre,3,,,DANE-BD_UNIFICADA-CNPV2018-prop_edad_sexo,2018
99,99524,La Primavera,30-34,Mujer,3,,,DANE-BD_UNIFICADA-CNPV2018-prop_edad_sexo,2018
99,99524,La Primavera,35-39,Hombre,3,,,DANE-BD_UNIFICADA-CNPV2018-prop_edad_sexo,2018
99,99524,La Primavera,35-39,Mujer,3,,,DANE-BD_UNIFICADA-CNPV2018-prop_edad_sexo,2018
99,99524,La Primavera,40-44,Hombre,2,,,DANE-BD_UNIFICADA-CNPV2018-prop_edad_sexo,2018
99,99524,La Primavera,40-44,Mujer,2,,,DANE-BD_UNIFICADA-CNPV2018-prop_edad_sexo,2018
99,99524,La Primavera,45-49,Hombre,2,,,DANE-BD_UNIFICADA-CNPV2018-prop_edad_sexo,2018
99,99524,La Primavera,45-49,Mujer,2,,,DANE-BD_UNIFICADA-CNPV2018-prop_edad_sexo,2018
99,99524,La Primavera,50-54,Hombre,1,,,DANE-BD_UNIFICADA-CNPV2018-prop_edad_sexo,2018
99,99524,La Primavera,50-54,Mujer,1,,,DANE-BD_UNIFICADA-CNPV2018-prop_edad_sexo,2018
99,99524,La Primavera,55-59,Hombre,1,,,DANE-BD_UNIFICADA-CNPV2018-prop_edad_sexo,2018
99,99524,La Primavera,55-59,Mujer,1,,,DANE-BD_UNIFICADA-CNPV2018-prop_edad_sexo,2018
99,99524,La Primavera,60-64,Hombre,1,,,DANE-BD_UNIFICADA-CNPV2018-prop_edad_sexo,2018
99,99524,La Primavera,60-64,Mujer,1,,,DANE-BD_UNIFICADA-CNPV2018-prop_edad_sexo,2018
99,99524,La Primavera,65-69,Hombre,1,,,DANE-BD_UNIFICADA-CNPV2018-prop_edad_sexo,2018
99,99524,La Primavera,65-69,Mujer,1,,,DANE-BD_UNIFICADA-CNPV2018-prop_edad_sexo,2018
99,99524,La Primavera,70-74,Hombre,0,,,DANE-BD_UNIFICADA-CNPV2018-prop_edad_sexo,2018
99,99524,La Primavera,70-74,Mujer,0,,,DANE-BD_UNIFICADA-CNPV2018-prop_edad_sexo,2018
99,99524,La Primavera,75-79,Hombre,0,,,DANE-BD_UNIFICADA-CNPV2018-prop_edad_sexo,2018
99,99524,La Primavera,75-79,Mujer,0,,,DANE-BD_UNIFICADA-CNPV2018-prop_edad_sexo,2018
99,99524,La Primavera,80-84,Hombre,0,,,DANE-BD_UNIFICADA-CNPV2018-prop_edad_sexo,2018
99,99524,La Primavera,80-84,Mujer,0,,,DANE-BD_UNIFICADA-CNPV2018-prop_edad_sexo,2018
99,99524,La Primavera,85-89,Hombre,0,,,DANE-BD_UNIFICADA-CNPV2018-prop_edad_sexo,2018
99,99524,La Primavera,85-89,Mujer,0,,,DANE-BD_UNIFICADA-CNPV2018-prop_edad_sexo,2018
99,99524,La Primavera,90-94,Hombre,0,,,DANE-BD_UNIFICADA-CNPV2018-prop_edad_sexo,2018
99,99524,La Primavera,90-94,Mujer,0,,,DANE-BD_UNIFICADA-CNPV2018-prop_edad_sexo,2018
99,99624,Santa Rosalia,00-04,Hombre,2,,,DANE-BD_UNIFICADA-CNPV2018-prop_edad_sexo,2018
99,99624,Santa Rosalia,00-04,Mujer,3,,,DANE-BD_UNIFICADA-CNPV2018-prop_edad_sexo,2018
99,99624,Santa Rosalia,05-09,Hombre,4,,,DANE-BD_UNIFICADA-CNPV2018-prop_edad_sexo,2018
99,99624,Santa Rosalia,05-09,Mujer,5,,,DANE-BD_UNIFICADA-CNPV2018-prop_edad_sexo,2018
99,99624,Santa Rosalia,10-14,Hombre,5,,,DANE-BD_UNIFICADA-CNPV2018-prop_edad_sexo,2018
99,99624,Santa Rosalia,10-14,Mujer,5,,,DANE-BD_UNIFICADA-CNPV2018-prop_edad_sexo,2018
99,99624,Santa Rosalia,15-19,Hombre,4,,,DANE-BD_UNIFICADA-CNPV2018-prop_edad_sexo,2018
99,99624,Santa Rosalia,15-19,Mujer,4,,,DANE-BD_UNIFICADA-CNPV2018-prop_edad_sexo,2018
99,99624,Santa Rosalia,20-24,Hombre,2,,,DANE-BD_UNIFICADA-CNPV2018-prop_edad_sexo,2018
99,99624,Santa Rosalia,20-24,Mujer,2,,,DANE-BD_UNIFICADA-CNPV2018-prop_edad_sexo,2018
99,99624,Santa Rosalia,25-29,Hombre,2,,,DANE-BD_UNIFICADA-CNPV2018-prop_edad_sexo,2018
99,99624,Santa Rosalia,25-29,Mujer,2,,,DANE-BD_UNIFICADA-CNPV2018-prop_edad_sexo,2018
99,99624,Santa Rosalia,30-34,Hombre,1,,,DANE-BD_UNIFICADA-CNPV2018-prop_edad_sexo,2018
99,99624,Santa Rosalia,30-34,Mujer,1,,,DANE-BD_UNIFICADA-CNPV2018-prop_edad_sexo,2018
99,99624,Santa Rosalia,35-39,Hombre,1,,,DANE-BD_UNIFICADA-CNPV2018-prop_edad_sexo,2018
99,99624,Santa Rosalia,35-39,Mujer,1,,,DANE-BD_UNIFICADA-CNPV2018-prop_edad_sexo,2018
99,99624,Santa Rosalia,40-44,Hombre,1,,,DANE-BD_UNIFICADA-CNPV2018-prop_edad_sexo,2018
99,99624,Santa Rosalia,40-44,Mujer,1,,,DANE-BD_UNIFICADA-CNPV2018-prop_edad_sexo,2018
99,99624,Santa Rosalia,45-49,Hombre,1,,,DANE-BD_UNIFICADA-CNPV2018-prop_edad_sexo,2018
99,99624,Santa Rosalia,45-49,Mujer,1,,,DANE-BD_UNIFICADA-CNPV2018-prop_edad_sexo,2018
99,99624,Santa Rosalia,50-54,Hombre,1,,,DANE-BD_UNIFICADA-CNPV2018-prop_edad_sexo,2018
99,99624,Santa Rosalia,50-54,Mujer,1,,,DANE-BD_UNIFICADA-CNPV2018-prop_edad_sexo,2018
99,99624,Santa Rosalia,55-59,Hombre,1,,,DANE-BD_UNIFICADA-CNPV2018-prop_edad_sexo,2018
99,99624,Santa Rosalia,55-59,Mujer,1,,,DANE-BD_UNIFICADA-CNPV2018-prop_edad_sexo,2018
99,99624,Santa Rosalia,60-64,Hombre,0,,,DANE-BD_UNIFICADA-CNPV2018-prop_edad_sexo,2018
99,99624,Santa Rosalia,60-64,Mujer,0,,,DANE-BD_UNIFICADA-CNPV2018-prop_edad_sexo,2018
99,99624,Santa Rosalia,65-69,Hombre,0,,,DANE-BD_UNIFICADA-CNPV2018-prop_edad_sexo,2018
99,99624,Santa Rosalia,65-69,Mujer,0,,,DANE-BD_UNIFICADA-CNPV2018-prop_edad_sexo,2018
99,99624,Santa Rosalia,70-74,Hombre,0,,,DANE-BD_UNIFICADA-CNPV2018-prop_edad_sexo,2018
99,99624,Santa Rosalia,70-74,Mujer,0,,,DANE-BD_UNIFICADA-CNPV2018-prop_edad_sexo,2018
99,99624,Santa Rosalia,75-79,Hombre,0,,,DANE-BD_UNIFICADA-CNPV2018-prop_edad_sexo,2018
99,99624,Santa Rosalia,75-79,Mujer,0,,,DANE-BD_UNIFICADA-CNPV2018-prop_edad_sexo,2018
99,99624,Santa Rosalia,80-84,Hombre,0,,,DANE-BD_UNIFICADA-CNPV2018-prop_edad_sexo,2018
99,99624,Santa Rosalia,80-84,Mujer,0,,,DANE-BD_UNIFICADA-CNPV2018-prop_edad_sexo,2018
99,99624,Santa Rosalia,85-89,Hombre,0,,,DANE-BD_UNIFICADA-CNPV2018-prop_edad_sexo,2018
99,99624,Santa Rosalia,85-89,Mujer,0,,,DANE-BD_UNIFICADA-CNPV2018-prop_edad_sexo,2018
